id,name,role_id,home_branch_id
1,Kathi Goddard,14,1
2,Gertrude Gieß,6,1
3,Toby Zepeda,15,1
4,Mirco Evans,7,1
5,Emily Bujas,16,1
6,Oliver Stroh,13,2
7,Carlo Sip,5,1
8,Nigel Covarrubias,9,2
9,Lisa Budzeń,4,1
10,Robert Hänel,1,1
11,Krzysztof Jones,8,1
12,Valerie Schaefer,12,1
13,Lindsey Walter,10,2
14,Alma Wirth,3,1
15,Paweł Weremczuk,11,2
16,Vanesa Zyguła,2,1
17,Helfried Gaona,15,3
18,Marissa Hass,14,3
19,Nathan Barker,11,3
20,Débora White,10,3
21,Keith Lamb,1,3
22,Joanna Walker,5,3
23,Kajetan Lewis,13,3
24,Silja Korkosz,6,3
25,Harm Thompson,16,3
26,Bianka Reichmann,9,3
27,Minerva Thompson,8,3
28,Valeria Garibay,3,3
29,Antonia Valdez,12,3
30,Martyn Armas,16,5
31,Danilo Puente,10,5
32,Anastazja Schinke,11,4
33,Michał Pronobis,3,5
34,Aurelia Bevan,7,4
35,David Flantz,14,5
36,Franco Lucio,13,5
37,Jonathan Tlałka,8,5
38,Mitchell Hornig,5,4
39,Iain Ordóñez,1,4
40,Jacob Russo,2,4
41,Anne Krauz,9,5
42,Julio César Hall,12,5
43,Vincenzo Szmalec,6,4
44,Adriana Garcia,15,4
45,Änne Otero,6,6
46,Patrick Eberhardt,11,6
47,Benjamin Rodriguez,2,6
48,Grete Mcbride,10,6
49,Salih Hopkins,12,6
50,Natan Carpenter,16,6
51,Timoteo Witos,13,6
52,Aleksander Murphy,5,6
53,Emily Wilson,3,6
54,Esteban Apodaca,4,6
55,Joanne Micał,14,6
56,Samantha Lee,15,6
57,Klaus Peter Wiggins,1,6
58,Kirsten Fernández,8,6
59,Thomas Puto,9,6
60,Isabel Demiańczuk,7,6
61,Rachel Bruder,8,7
62,Liam Mann,9,9
63,Ewelina Velasquez,1,7
64,Bill Rajman,12,9
65,Shane Garrido,15,8
66,Tassilo Leżoń,3,7
67,Cezary Wośko,16,8
68,Itzel Moore,7,7
69,Marco Antonio Hobbs,15,10
70,Howard Wiaderek,7,11
71,Conor Hethur,5,11
72,Francesco Zubel,14,12
73,Micheal Lepka,8,11
74,Alicia Pope,11,12
75,Krzysztof Polanco,9,11
76,Jennifer Potok,4,12
77,Stanley Hunter,1,11
78,Carlos Forster,16,11
79,Rolf-Dieter Webb,2,10
80,Joan Sontag,3,10
81,Janice Becerra,13,12
82,Katherine Jacobs,8,13
83,Dagmara Márquez,16,14
84,Romuald Bochnia,15,14
85,Krystian Świerszcz,14,14
86,Karl Padilla,6,14
87,Ildiko Rosales,7,13
88,Owen Süßebier,4,14
89,Benjamín Kranc,5,15
90,Angela Zdziech,13,15
91,Daniel Adams,15,15
92,Danielle Bailey,11,15
93,Guy Schmiedt,12,16
94,Rebecca Brady,6,15
95,Yeni Harris,3,15
96,Sonia Etzold,8,16
97,Agustín Lane,7,16
98,Pamela Ojeda,2,16
99,Vanessa Stark,14,16
100,Frances Ballard,16,16
101,Christopher Langern,5,17
102,Tracy Segebahn,16,17
103,Johanna Campbell,14,17
104,Mary Maestas,8,17
105,Franka Słomian,15,17
106,Bianka Serwa,9,17
107,Claudia Johnson,4,17
108,Ana Mies,13,17
109,Tina Holt,5,18
110,Miriam Huynh,8,18
111,Adam Krause,13,18
112,Elsa Hernandez,15,18
113,Błażej Wołk,14,18
114,Elias Parra,2,18
115,Alonso Miotke,11,19
116,Jacek Jonczyk,7,18
117,Emma Hancock,4,19
118,Melanie Kruschwitz,10,18
119,Samuel Trojanowicz,16,18
120,Joan Pacholczak,12,18
121,Gabriel Brown,1,18
